Year,Popularity,Keyword
2004-01,4,Honcho
2004-02,4,Honcho
2004-03,11,Honcho
2004-04,7,Honcho
2004-05,2,Honcho
2004-06,14,Honcho
2004-07,0,Honcho
2004-08,8,Honcho
2004-09,14,Honcho
2004-10,13,Honcho
2004-11,6,Honcho
2004-12,10,Honcho
2005-01,6,Honcho
2005-02,9,Honcho
2005-03,4,Honcho
2005-04,2,Honcho
2005-05,6,Honcho
2005-06,5,Honcho
2005-07,0,Honcho
2005-08,14,Honcho
2005-09,9,Honcho
2005-10,9,Honcho
2005-11,12,Honcho
2005-12,14,Honcho
2006-01,5,Honcho
2006-02,11,Honcho
2006-03,6,Honcho
2006-04,0,Honcho
2006-05,11,Honcho
2006-06,2,Honcho
2006-07,12,Honcho
2006-08,3,Honcho
2006-09,1,Honcho
2006-10,1,Honcho
2006-11,0,Honcho
2006-12,2,Honcho
2007-01,3,Honcho
2007-02,8,Honcho
2007-03,12,Honcho
2007-04,5,Honcho
2007-05,3,Honcho
2007-06,13,Honcho
2007-07,9,Honcho
2007-08,7,Honcho
2007-09,0,Honcho
2007-10,0,Honcho
2007-11,11,Honcho
2007-12,9,Honcho
2008-01,12,Honcho
2008-02,13,Honcho
2008-03,0,Honcho
2008-04,3,Honcho
2008-05,3,Honcho
2008-06,4,Honcho
2008-07,5,Honcho
2008-08,10,Honcho
2008-09,1,Honcho
2008-10,2,Honcho
2008-11,6,Honcho
2008-12,7,Honcho
2009-01,4,Honcho
2009-02,11,Honcho
2009-03,1,Honcho
2009-04,1,Honcho
2009-05,5,Honcho
2009-06,11,Honcho
2009-07,5,Honcho
2009-08,14,Honcho
2009-09,8,Honcho
2009-10,7,Honcho
2009-11,1,Honcho
2009-12,0,Honcho
2010-01,6,Honcho
2010-02,6,Honcho
2010-03,14,Honcho
2010-04,10,Honcho
2010-05,1,Honcho
2010-06,3,Honcho
2010-07,0,Honcho
2010-08,11,Honcho
2010-09,10,Honcho
2010-10,4,Honcho
2010-11,1,Honcho
2010-12,10,Honcho
2011-01,7,Honcho
2011-02,5,Honcho
2011-03,2,Honcho
2011-04,9,Honcho
2011-05,13,Honcho
2011-06,12,Honcho
2011-07,7,Honcho
2011-08,2,Honcho
2011-09,0,Honcho
2011-10,0,Honcho
2011-11,8,Honcho
2011-12,6,Honcho
2012-01,2,Honcho
2012-02,13,Honcho
2012-03,12,Honcho
2012-04,7,Honcho
2012-05,14,Honcho
2012-06,1,Honcho
2012-07,2,Honcho
2012-08,12,Honcho
2012-09,7,Honcho
2012-10,4,Honcho
2012-11,13,Honcho
2012-12,2,Honcho
2013-01,2,Honcho
2013-02,4,Honcho
2013-03,14,Honcho
2013-04,1,Honcho
2013-05,3,Honcho
2013-06,14,Honcho
2013-07,1,Honcho
2013-08,4,Honcho
2013-09,10,Honcho
2013-10,10,Honcho
2013-11,14,Honcho
2013-12,1,Honcho
2014-01,3,Honcho
2014-02,11,Honcho
2014-03,4,Honcho
2014-04,14,Honcho
2014-05,8,Honcho
2014-06,7,Honcho
2014-07,14,Honcho
2014-08,11,Honcho
2014-09,2,Honcho
2014-10,6,Honcho
2014-11,0,Honcho
2014-12,14,Honcho
2015-01,6,Honcho
2015-02,12,Honcho
2015-03,7,Honcho
2015-04,6,Honcho
2015-05,1,Honcho
2015-06,0,Honcho
2015-07,1,Honcho
2015-08,7,Honcho
2015-09,3,Honcho
2015-10,0,Honcho
2015-11,10,Honcho
2015-12,11,Honcho
2016-01,1,Honcho
2016-02,11,Honcho
2016-03,11,Honcho
2016-04,12,Honcho
2016-05,10,Honcho
2016-06,8,Honcho
2016-07,9,Honcho
2016-08,7,Honcho
2016-09,6,Honcho
2016-10,7,Honcho
2016-11,13,Honcho
2016-12,8,Honcho
2017-01,8,Honcho
2017-02,2,Honcho
2017-03,8,Honcho
2017-04,0,Honcho
2017-05,14,Honcho
2017-06,7,Honcho
2017-07,10,Honcho
2017-08,2,Honcho
2017-09,2,Honcho
2017-10,11,Honcho
2017-11,4,Honcho
2017-12,6,Honcho
2018-01,2,Honcho
2018-02,6,Honcho
2018-03,11,Honcho
2018-04,4,Honcho
